{
  "2D": 4260.82345032692,
  "3D": 22.5753779411316,
  "Editor": 19650.589856863,
  "External": 7420.35046958923,
  "Script": 7946.84055900573
}