{
  "Editor": 1576.466588974,
  "External": 240.851191282272,
  "Script": 1335.61539769173
}