{
  "Editor": 1773.85462927818,
  "External": 335.395735740662,
  "Script": 1438.45889353752
}