{
  "2D": 2631.82934761047,
  "3D": 22.5753779411316,
  "Editor": 6505.83008790016,
  "External": 2400.55313968658,
  "Script": 1451.37353348732
}