{
  "2D": 3558.12473344803,
  "3D": 22.5753779411316,
  "Editor": 14893.9588127136,
  "External": 6409.94450712204,
  "Script": 4903.31419420242
}