{
  "2D": 4549.14817428589,
  "3D": 22.5753779411316,
  "Editor": 22172.1122634411,
  "External": 8265.67268824577,
  "Script": 9335.55304908752
}