{
  "2D": 2970.82854628563,
  "3D": 22.5753779411316,
  "Editor": 10954.7073016167,
  "External": 4494.0562775135,
  "Script": 3467.59209489822
}